[
  {"слово": "топот", "значение": "звук шагов"},
  {"слово": "репер", "значение": "музыкант в жанре хип-хоп"},
  {"слово": "радар", "значение": "устройство для обнаружения объектов"},
  {"слово": "лишар", "значение": "человек без имущества"},
  {"слово": "шабаш", "значение": "шумное веселье"},
  {"слово": "колок", "значение": "металлический предмет для подвешивания горшков"},
  {"слово": "тенет", "значение": "часть сети для ловли рыбы"},
  {"слово": "кинек", "значение": "женское имя"},
  {"слово": "ротор", "значение": "вращающийся элемент машины"},
  {"слово": "текст", "значение": "последовательность слов"},
  {"слово": "мадам", "значение": "уважительное обращение к женщине"},
  {"слово": "тутут", "значение": "звуковое воплощение недовольства"},
  {"слово": "корок", "значение": "заглушка или пробка"},
  {"слово": "сорос", "значение": "росток растения"},
  {"слово": "гомог", "значение": "принадлежащий к одной и той же группе"},
  {"слово": "попоп", "значение": "глагол в повелительном наклонении"},
  {"слово": "регер", "значение": "человек, занимающийся регенерацией"},
  {"слово": "томот", "значение": "повторение звука"},
  {"слово": "мамам", "значение": "обращение к матери"},
  {"слово": "горог", "значение": "поэтическое название города"},
  {"слово": "карак", "значение": "тип птицы"},
  {"слово": "кокок", "значение": "звук, издаваемый курицами"},
  {"слово": "торот", "значение": "часть велосипеда"},
  {"слово": "лавал", "значение": "горячий источник"},
  {"слово": "корок", "значение": "маленький кусочек"},
  {"слово": "кабак", "значение": "небольшая пивная"},
  {"слово": "кокос", "значение": "плод пальмы"},
  {"слово": "колок", "значение": "молодое дерево"},
  {"слово": "рокор", "значение": "судья"},
  {"слово": "мадам", "значение": "г-жа или мисс"},
  {"слово": "лагал", "значение": "отсталый"},
  {"слово": "голог", "значение": "без одежды"},
  {"слово": "ратар", "значение": "фермер"},
  {"слово": "татат", "значение": "много раз"},
  {"слово": "сонос", "значение": "звук, издаваемый при сне"},
  {"слово": "расар", "значение": "распространение"},
  {"слово": "лавал", "значение": "место для купания"},
  {"слово": "наман", "значение": "колдун"},
  {"слово": "тазат", "значение": "часть человеческого тела"},
  {"слово": "лазал", "значение": "пошалить"},
  {"слово": "салас", "значение": "хижина"},
  {"слово": "газаг", "значение": "горячий источник"},
  {"слово": "казак", "значение": "воинский человек"},
  {"слово": "ромор", "значение": "подразделение в армии"},
  {"слово": "салас", "значение": "помещение для отдыха"},
  {"слово": "корок", "значение": "перекус"},
  {"слово": "розор", "значение": "увядание растений"},
  {"слово": "гирег", "значение": "веселый"},
  {"слово": "папап", "значение": "папа"},
  {"слово": "рокор", "значение": "вид музыки"},
  {"слово": "лавал", "значение": "быстрое движение воды"},
  {"слово": "ламал", "значение": "сломать"},
  {"слово": "сигис", "значение": "бойцовский вид искусства"},
  {"слово": "гулуг", "значение": "популярный поисковик"},
  {"слово": "галаг", "значение": "шум"},
  {"слово": "колдун", "значение": "как Дмитрий. Но нет."},
  {"слово": "чебурек", "значение": "восточная сладость"},
  {"слово": "ананас", "значение": "похож на апельсин"},
  {"слово": "гага", "значение": "птица, но это не точно"},
  {"слово": "пармезан", "значение": "что-то из параллельной реальности"},
  {"слово": "редиска", "значение": "нехороший человек"},
  {"слово": "яблоко", "значение": "любимый фрукт Джобса"}
]
